Date,Close,Volume,Adj Close
2016-01-04,105.3499984741211,67649400,98.21358489990234
2016-01-05,102.70999908447266,55791000,95.7524185180664
2016-01-06,100.69999694824219,68457400,93.87858581542969
2016-01-07,96.44999694824219,81094400,89.91647338867188
2016-01-08,96.95999908447266,70798000,90.39190673828125
2016-01-11,98.52999877929688,49739400,91.8555679321289
2016-01-12,99.95999908447266,49154200,93.18870544433594
2016-01-13,97.38999938964844,62439600,90.79279327392578
2016-01-14,99.5199966430664,63170100,92.77849578857422
2016-01-15,97.12999725341797,79833900,90.5504150390625
2016-01-19,96.66000366210938,53087700,90.11225128173828
2016-01-20,96.79000091552734,72334400,90.23343658447266
2016-01-21,96.30000305175781,52161500,89.77662658691406
2016-01-22,101.41999816894531,65800500,94.54981231689453
2016-01-25,99.44000244140625,51794500,92.70393371582031
2016-01-26,99.98999786376953,75077000,93.21665954589844
2016-01-27,93.41999816894531,133369700,87.09172821044922
2016-01-28,94.08999633789062,55678800,87.7163314819336
2016-01-29,97.33999633789062,64416500,90.74617767333984
2016-02-01,96.43000030517578,40943500,89.8978271484375
2016-02-02,94.4800033569336,37357200,88.07992553710938
2016-02-03,96.3499984741211,45964300,89.8232421875
2016-02-04,96.5999984741211,46471700,90.54499053955078
2016-02-05,94.0199966430664,46418100,88.12669372558594
2016-02-08,95.01000213623047,54021400,89.05465698242188
2016-02-09,94.98999786376953,44331200,89.03590393066406
2016-02-10,94.2699966430664,42343600,88.36102294921875
2016-02-11,93.69999694824219,50074700,87.82674407958984
2016-02-12,93.98999786376953,40351400,88.09857177734375
2016-02-16,96.63999938964844,49057900,90.58246612548828
2016-02-17,98.12000274658203,44863200,91.96971130371094
2016-02-18,96.26000213623047,39021000,90.22628784179688
2016-02-19,96.04000091552734,35374200,90.02007293701172
2016-02-22,96.87999725341797,34280800,90.80741119384766
2016-02-23,94.69000244140625,31942600,88.75467681884766
2016-02-24,96.0999984741211,36255700,90.07630920410156
2016-02-25,96.76000213623047,27582700,90.6949462890625
2016-02-26,96.91000366210938,28991100,90.8355484008789
2016-02-29,96.69000244140625,35216300,90.62934112548828
2016-03-01,100.52999877929688,50407100,94.22864532470703
2016-03-02,100.75,33169600,94.43485260009766
2016-03-03,101.5,36955700,95.13784790039062
2016-03-04,103.01000213623047,46055100,96.55318450927734
2016-03-07,101.87000274658203,35828900,95.48465728759766
2016-03-08,101.02999877929688,31561900,94.69730377197266
2016-03-09,101.12000274658203,27201700,94.78165435791016
2016-03-10,101.16999816894531,33513600,94.82852935791016
2016-03-11,102.26000213623047,27408200,95.8501968383789
2016-03-14,102.5199966430664,25076100,96.09391021728516
2016-03-15,104.58000183105469,40067700,98.0247802734375
2016-03-16,105.97000122070312,38303500,99.3276596069336
2016-03-17,105.80000305175781,34420700,99.16829681396484
2016-03-18,105.91999816894531,44205200,99.28077697753906
2016-03-21,105.91000366210938,35502700,99.27140808105469
2016-03-22,106.72000122070312,32444400,100.03065490722656
2016-03-23,106.12999725341797,25703500,99.47762298583984
2016-03-24,105.66999816894531,26133000,99.04645538330078
2016-03-28,105.19000244140625,19411400,98.59654998779297
2016-03-29,107.68000030517578,31190100,100.93046569824219
2016-03-30,109.55999755859375,45601100,102.69261932373047
2016-03-31,108.98999786376953,25888400,102.15835571289062
2016-04-01,109.98999786376953,25874000,103.09566497802734
2016-04-04,111.12000274658203,37356200,104.15483856201172
2016-04-05,109.80999755859375,26578700,102.92696380615234
2016-04-06,110.95999908447266,26404100,104.0048599243164
2016-04-07,108.54000091552734,31801900,101.73655700683594
2016-04-08,108.66000366210938,23581700,101.84904479980469
2016-04-11,109.0199966430664,29407500,102.18647003173828
2016-04-12,110.44000244140625,27232300,103.51747131347656
2016-04-13,112.04000091552734,33257300,105.01717376708984
2016-04-14,112.0999984741211,25473900,105.07341003417969
2016-04-15,109.8499984741211,46939000,102.96444702148438
2016-04-18,107.4800033569336,60821500,100.74299621582031
2016-04-19,106.91000366210938,32384900,100.208740234375
2016-04-20,107.12999725341797,30611000,100.41494750976562
2016-04-21,105.97000122070312,31552500,99.3276596069336
2016-04-22,105.68000030517578,33683100,99.05583190917969
2016-04-25,105.08000183105469,28031600,98.49344635009766
2016-04-26,104.3499984741211,56016200,97.80919647216797
2016-04-27,97.81999969482422,114602100,91.68851470947266
2016-04-28,94.83000183105469,82242700,88.88593292236328
2016-04-29,93.73999786376953,68531500,87.8642349243164
2016-05-02,93.63999938964844,48160100,87.77051544189453
2016-05-03,95.18000030517578,56831300,89.21397399902344
2016-05-04,94.19000244140625,41025500,88.2860336303711
2016-05-05,93.23999786376953,35890500,87.92769622802734
2016-05-06,92.72000122070312,43699900,87.43732452392578
2016-05-09,92.79000091552734,32936400,87.5033187866211
2016-05-10,93.41999816894531,33686800,88.09742736816406
2016-05-11,92.51000213623047,28719100,87.23927307128906
2016-05-12,90.33999633789062,76314700,85.19290924072266
2016-05-13,90.5199966430664,44392800,85.36265563964844
2016-05-16,93.87999725341797,61259800,88.5312271118164
2016-05-17,93.48999786376953,46916900,88.16344451904297
2016-05-18,94.55999755859375,42062400,89.17247772216797
2016-05-19,94.19999694824219,30442100,88.8329849243164
2016-05-20,95.22000122070312,32026000,89.79486846923828
2016-05-23,96.43000030517578,38018600,90.9359359741211
2016-05-24,97.9000015258789,35140200,92.32218933105469
2016-05-25,99.62000274658203,38168800,93.94420623779297
2016-05-26,100.41000366210938,56331200,94.68917846679688
2016-05-27,100.3499984741211,36341200,94.63259887695312
2016-05-31,99.86000061035156,42307200,94.17052459716797
2016-06-01,98.45999908447266,29173300,92.85027313232422
2016-06-02,97.72000122070312,40191600,92.15245819091797
2016-06-03,97.91999816894531,28504900,92.34104919433594
2016-06-06,98.62999725341797,23292500,93.01058959960938
2016-06-07,99.02999877929688,22409500,93.38780975341797
2016-06-08,98.94000244140625,20848100,93.30293273925781
2016-06-09,99.6500015258789,26601400,93.97248077392578
2016-06-10,98.83000183105469,31712900,93.19921112060547
2016-06-13,97.33999633789062,38020500,91.79408264160156
2016-06-14,97.45999908447266,31931900,91.90725708007812
2016-06-15,97.13999938964844,29445200,91.60548400878906
2016-06-16,97.55000305175781,31326800,91.99214935302734
2016-06-17,95.33000183105469,61008200,89.89860534667969
2016-06-20,95.0999984741211,34411900,89.68171691894531
2016-06-21,95.91000366210938,35546400,90.445556640625
2016-06-22,95.55000305175781,29219100,90.10609436035156
2016-06-23,96.0999984741211,32240200,90.62474060058594
2016-06-24,93.4000015258789,75311400,88.07858276367188
2016-06-27,92.04000091552734,45489600,86.7960433959961
2016-06-28,93.58999633789062,40444900,88.25775146484375
2016-06-29,94.4000015258789,36531000,89.02159118652344
2016-06-30,95.5999984741211,35836400,90.1532211303711
2016-07-01,95.88999938964844,26026500,90.42669677734375
2016-07-05,94.98999786376953,27705200,89.57799530029297
2016-07-06,95.52999877929688,30949100,90.08722686767578
2016-07-07,95.94000244140625,25139600,90.47386932373047
2016-07-08,96.68000030517578,28912100,91.17170715332031
2016-07-11,96.9800033569336,23794900,91.4546127319336
2016-07-12,97.41999816894531,24167500,91.86954498291016
2016-07-13,96.87000274658203,25892200,91.35086059570312
2016-07-14,98.79000091552734,38919000,93.16149139404297
2016-07-15,98.77999877929688,30137000,93.15206146240234
2016-07-18,99.83000183105469,36493900,94.1422348022461
2016-07-19,99.87000274658203,23779900,94.1799545288086
2016-07-20,99.95999908447266,26276000,94.26483154296875
2016-07-21,99.43000030517578,32702000,93.76502990722656
2016-07-22,98.66000366210938,28313700,93.03889465332031
2016-07-25,97.33999633789062,40382900,91.79408264160156
2016-07-26,96.66999816894531,56239800,91.16226959228516
2016-07-27,102.94999694824219,92344800,97.08444213867188
2016-07-28,104.33999633789062,39869800,98.39525604248047
2016-07-29,104.20999908447266,27733700,98.2726821899414
2016-08-01,106.05000305175781,38167900,100.0078353881836
2016-08-02,104.4800033569336,33816600,98.52730560302734
2016-08-03,105.79000091552734,30202600,99.76266479492188
2016-08-04,105.87000274658203,27408700,100.37894439697266
2016-08-05,107.4800033569336,40553400,101.90543365478516
2016-08-08,108.37000274658203,28037200,102.74928283691406
2016-08-09,108.80999755859375,26315200,103.16645050048828
2016-08-10,108.0,24008500,102.39848327636719
2016-08-11,107.93000030517578,27484500,102.33209991455078
2016-08-12,108.18000030517578,18660400,102.56913757324219
2016-08-15,109.4800033569336,25868200,103.8017349243164
2016-08-16,109.37999725341797,33794400,103.70689392089844
2016-08-17,109.22000122070312,25356000,103.55518341064453
2016-08-18,109.08000183105469,21984700,103.42245483398438
2016-08-19,109.36000061035156,25368100,103.68793487548828
2016-08-22,108.51000213623047,25820200,102.88201904296875
2016-08-23,108.8499984741211,21257700,103.20437622070312
2016-08-24,108.02999877929688,23675100,102.42691040039062
2016-08-25,107.56999969482422,25086200,101.99078369140625
2016-08-26,106.94000244140625,27766300,101.3934326171875
2016-08-29,106.81999969482422,24970300,101.27967071533203
2016-08-30,106.0,24863900,100.50221252441406
2016-08-31,106.0999984741211,29662400,100.5970230102539
2016-09-01,106.7300033569336,26701500,101.19434356689453
2016-09-02,107.7300033569336,26802500,102.1424789428711
2016-09-06,107.69999694824219,26880400,102.11402893066406
2016-09-07,108.36000061035156,42364300,102.73979187011719
2016-09-08,105.5199966430664,53002000,100.04710388183594
2016-09-09,103.12999725341797,46557000,97.78105926513672
2016-09-12,105.44000244140625,45292800,99.97125244140625
2016-09-13,107.94999694824219,62176200,102.35105895996094
2016-09-14,111.7699966430664,110888700,105.97293853759766
2016-09-15,115.56999969482422,89983600,109.57585144042969
2016-09-16,114.91999816894531,79886900,108.95956420898438
2016-09-19,113.58000183105469,47023000,107.68905639648438
2016-09-20,113.56999969482422,34514300,107.67958068847656
2016-09-21,113.55000305175781,36003200,107.66061401367188
2016-09-22,114.62000274658203,31074000,108.67513275146484
2016-09-23,112.70999908447266,52481200,106.86417388916016
2016-09-26,112.87999725341797,29869400,107.0253677368164
2016-09-27,113.08999633789062,24607400,107.22447967529297
2016-09-28,113.94999694824219,29641100,108.03986358642578
2016-09-29,112.18000030517578,35887000,106.36168670654297
2016-09-30,113.05000305175781,36379100,107.18655395507812
2016-10-03,112.5199966430664,21701800,106.68403625488281
2016-10-04,113.0,29736800,107.1391372680664
2016-10-05,113.05000305175781,21453100,107.18655395507812
2016-10-06,113.88999938964844,28779300,107.98298645019531
2016-10-07,114.05999755859375,24358400,108.14415740966797
2016-10-10,116.05000305175781,36236000,110.03095245361328
2016-10-11,116.30000305175781,64041000,110.26797485351562
2016-10-12,117.33999633789062,37586800,111.25403594970703
2016-10-13,116.9800033569336,35192400,110.9127197265625
2016-10-14,117.62999725341797,35652200,111.52898406982422
2016-10-17,117.55000305175781,23624900,111.45313262939453
2016-10-18,117.47000122070312,24553500,111.37730407714844
2016-10-19,117.12000274658203,20034600,111.04544830322266
2016-10-20,117.05999755859375,24125800,110.98857879638672
2016-10-21,116.5999984741211,23192700,110.55242156982422
2016-10-24,117.6500015258789,23538700,111.5479507446289
2016-10-25,118.25,48129000,112.11682891845703
2016-10-26,115.58999633789062,66134200,109.59480285644531
2016-10-27,114.4800033569336,34562000,108.54236602783203
2016-10-28,113.72000122070312,37861700,107.82178497314453
2016-10-31,113.54000091552734,26419400,107.651123046875
2016-11-01,111.48999786376953,43825800,105.70744323730469
2016-11-02,111.58999633789062,28331700,105.80226135253906
2016-11-03,109.83000183105469,26932600,104.66822052001953
2016-11-04,108.83999633789062,30837000,103.72472381591797
2016-11-07,110.41000366210938,32560000,105.22093200683594
2016-11-08,111.05999755859375,24254200,105.84037780761719
2016-11-09,110.87999725341797,59176400,105.66886138916016
2016-11-10,107.79000091552734,57134500,102.72408294677734
2016-11-11,108.43000030517578,34143900,103.3340072631836
2016-11-14,105.70999908447266,51175500,100.74183654785156
2016-11-15,107.11000061035156,32264500,102.0760498046875
2016-11-16,109.98999786376953,58840500,104.82067108154297
2016-11-17,109.94999694824219,27632000,104.78254699707031
2016-11-18,110.05999755859375,28428900,104.88740539550781
2016-11-21,111.7300033569336,29264600,106.47891235351562
2016-11-22,111.80000305175781,25965500,106.54560852050781
2016-11-23,111.2300033569336,27426400,106.00240325927734
2016-11-25,111.79000091552734,11475900,106.53608703613281
2016-11-28,111.56999969482422,27194000,106.326416015625
2016-11-29,111.45999908447266,28528800,106.22160339355469
2016-11-30,110.5199966430664,36162300,105.32576751708984
2016-12-01,109.48999786376953,37086900,104.34417724609375
2016-12-02,109.9000015258789,26528000,104.73490142822266
2016-12-05,109.11000061035156,34324500,103.98204803466797
2016-12-06,109.94999694824219,26195500,104.78254699707031
2016-12-07,111.02999877929688,29998700,105.81182098388672
2016-12-08,112.12000274658203,27068300,106.85057830810547
2016-12-09,113.94999694824219,34402600,108.59456634521484
2016-12-12,113.30000305175781,26374400,107.9751205444336
2016-12-13,115.19000244140625,43733800,109.77630615234375
2016-12-14,115.19000244140625,34031800,109.77630615234375
2016-12-15,115.81999969482422,46524500,110.37667846679688
2016-12-16,115.97000122070312,44351100,110.5196304321289
2016-12-19,116.63999938964844,27779400,111.15814971923828
2016-12-20,116.94999694824219,21425000,111.45357513427734
2016-12-21,117.05999755859375,23783200,111.55841064453125
2016-12-22,116.29000091552734,26085900,110.82459259033203
2016-12-23,116.5199966430664,14249500,111.04377746582031
2016-12-27,117.26000213623047,18296900,111.7490005493164
2016-12-28,116.76000213623047,20905900,111.27250671386719
2016-12-29,116.7300033569336,15039500,111.2439193725586
2016-12-30,115.81999969482422,30586300,110.37667846679688
2017-01-03,116.1500015258789,28781900,110.69115447998047
2017-01-04,116.0199966430664,21118100,110.56727600097656
2017-01-05,116.61000061035156,22193600,111.12956237792969
2017-01-06,117.91000366210938,31751900,112.36846923828125
2017-01-09,118.98999786376953,33561900,113.39769744873047
2017-01-10,119.11000061035156,24462100,113.51206970214844
2017-01-11,119.75,27588600,114.12198638916016
2017-01-12,119.25,27086200,113.64545440673828
2017-01-13,119.04000091552734,26111900,113.44534301757812
2017-01-17,120.0,34439800,114.36023712158203
2017-01-18,119.98999786376953,23713000,114.35069274902344
2017-01-19,119.77999877929688,25597300,114.15055847167969
2017-01-20,120.0,32597900,114.36023712158203
2017-01-23,120.08000183105469,22050200,114.43647766113281
2017-01-24,119.97000122070312,23211000,114.33164978027344
2017-01-25,121.87999725341797,32377600,116.1518783569336
2017-01-26,121.94000244140625,26337600,116.20904541015625
2017-01-27,121.94999694824219,20562900,116.21858215332031
2017-01-30,121.62999725341797,30377500,115.91360473632812
2017-01-31,121.3499984741211,49201000,115.64677429199219
2017-02-01,128.75,111985000,122.69898986816406
2017-02-02,128.52999877929688,33710400,122.48934173583984
2017-02-03,129.0800018310547,24507300,123.01349639892578
2017-02-06,130.2899932861328,26845900,124.1666259765625
2017-02-07,131.52999877929688,38183800,125.34832763671875
2017-02-08,132.0399932861328,23004100,125.83436584472656
2017-02-09,132.4199981689453,28349900,126.74364471435547
2017-02-10,132.1199951171875,20065500,126.45648956298828
2017-02-13,133.2899932861328,23035400,127.57633972167969
2017-02-14,135.02000427246094,33226200,129.23219299316406
2017-02-15,135.50999450683594,35623100,129.70118713378906
2017-02-16,135.35000610351562,22584600,129.5480499267578
2017-02-17,135.72000122070312,22198200,129.90220642089844
2017-02-21,136.6999969482422,24507200,130.8402099609375
2017-02-22,137.11000061035156,20836900,131.23260498046875
2017-02-23,136.52999877929688,20788200,130.67745971679688
2017-02-24,136.66000366210938,21776600,130.8019256591797
2017-02-27,136.92999267578125,20257400,131.06033325195312
2017-02-28,136.99000549316406,23482900,131.11778259277344
2017-03-01,139.7899932861328,36414600,133.79769897460938
2017-03-02,138.9600067138672,26211000,133.00331115722656
2017-03-03,139.77999877929688,21108100,133.78814697265625
2017-03-06,139.33999633789062,21750000,133.36700439453125
2017-03-07,139.52000427246094,17446300,133.539306640625
2017-03-08,139.0,18707200,133.0415802001953
2017-03-09,138.67999267578125,22155900,132.73529052734375
2017-03-10,139.13999938964844,19612800,133.17559814453125
2017-03-13,139.1999969482422,17421700,133.23300170898438
2017-03-14,138.99000549316406,15309100,133.0320281982422
2017-03-15,140.4600067138672,25691800,134.43902587890625
2017-03-16,140.69000244140625,19232000,134.6591339111328
2017-03-17,139.99000549316406,43885000,133.98916625976562
2017-03-20,141.4600067138672,21542000,135.39614868164062
2017-03-21,139.83999633789062,39529900,133.8455810546875
2017-03-22,141.4199981689453,25860200,135.3578643798828
2017-03-23,140.9199981689453,20346300,134.87925720214844
2017-03-24,140.63999938964844,22395600,134.6112823486328
2017-03-27,140.8800048828125,23575100,134.8410186767578
2017-03-28,143.8000030517578,33374800,137.63584899902344
2017-03-29,144.1199951171875,29190000,137.9420928955078
2017-03-30,143.92999267578125,21207300,137.76023864746094
2017-03-31,143.66000366210938,19661700,137.50184631347656
2017-04-03,143.6999969482422,19985700,137.54014587402344
2017-04-04,144.77000427246094,19891400,138.5642547607422
2017-04-05,144.02000427246094,27717900,137.8463897705078
2017-04-06,143.66000366210938,21149000,137.50184631347656
2017-04-07,143.33999633789062,16672200,137.195556640625
2017-04-10,143.1699981689453,18933400,137.0328369140625
2017-04-11,141.6300048828125,30379400,135.55886840820312
2017-04-12,141.8000030517578,20350000,135.72154235839844
2017-04-13,141.0500030517578,17822900,135.00372314453125
2017-04-17,141.8300018310547,16582100,135.75027465820312
2017-04-18,141.1999969482422,14697500,135.14730834960938
2017-04-19,140.67999267578125,17328400,134.64956665039062
2017-04-20,142.44000244140625,23319600,136.33413696289062
2017-04-21,142.27000427246094,17320900,136.1714324951172
2017-04-24,143.63999938964844,17134300,137.48269653320312
2017-04-25,144.52999877929688,18871500,138.3345489501953
2017-04-26,143.67999267578125,20041200,137.52099609375
2017-04-27,143.7899932861328,14246300,137.62625122070312
2017-04-28,143.64999389648438,20860400,137.4922637939453
2017-05-01,146.5800018310547,33602900,140.2966766357422
2017-05-02,147.50999450683594,45352200,141.18678283691406
2017-05-03,147.05999755859375,45697000,140.75611877441406
2017-05-04,146.52999877929688,23371900,140.24879455566406
2017-05-05,148.9600067138672,27327700,142.5746307373047
2017-05-08,153.00999450683594,48752400,146.4510498046875
2017-05-09,153.99000549316406,39130400,147.3890380859375
2017-05-10,153.25999450683594,25805700,146.6903076171875
2017-05-11,153.9499969482422,27255100,147.95892333984375
2017-05-12,156.10000610351562,32527000,150.0252685546875
2017-05-15,155.6999969482422,26009700,149.64085388183594
2017-05-16,155.47000122070312,20048500,149.41976928710938
2017-05-17,150.25,50767700,144.40293884277344
2017-05-18,152.5399932861328,33568200,146.60379028320312
2017-05-19,153.05999755859375,26960800,147.10354614257812
2017-05-22,153.99000549316406,22966400,147.99737548828125
2017-05-23,153.8000030517578,19918900,147.8147735595703
2017-05-24,153.33999633789062,19178000,147.3726806640625
2017-05-25,153.8699951171875,19235600,147.88201904296875
2017-05-26,153.61000061035156,21927600,147.6322021484375
2017-05-30,153.6699981689453,20126900,147.68984985351562
2017-05-31,152.75999450683594,24451200,146.81524658203125
2017-06-01,153.17999267578125,16404100,147.21890258789062
2017-06-02,155.4499969482422,27770700,149.40057373046875
2017-06-05,153.92999267578125,25331700,147.93971252441406
2017-06-06,154.4499969482422,26624900,148.43948364257812
2017-06-07,155.3699951171875,21069600,149.32369995117188
2017-06-08,154.99000549316406,21250800,148.95848083496094
2017-06-09,148.97999572753906,64882700,143.18234252929688
2017-06-12,145.4199981689453,72307300,139.7609100341797
2017-06-13,146.58999633789062,34165400,140.8853759765625
2017-06-14,145.16000366210938,31531200,139.51101684570312
2017-06-15,144.2899932861328,32165400,138.67483520507812
2017-06-16,142.27000427246094,50361100,136.73348999023438
2017-06-19,146.33999633789062,32541400,140.64508056640625
2017-06-20,145.00999450683594,24900100,139.36685180664062
2017-06-21,145.8699951171875,21265800,140.19337463378906
2017-06-22,145.6300048828125,19106300,139.96275329589844
2017-06-23,146.27999877929688,35439400,140.58741760253906
2017-06-26,145.82000732421875,25692400,140.14532470703125
2017-06-27,143.72999572753906,24761900,138.1366424560547
2017-06-28,145.8300018310547,22082400,140.1549530029297
2017-06-29,143.67999267578125,31499400,138.08860778808594
2017-06-30,144.02000427246094,23024100,138.41537475585938
2017-07-03,143.5,14277800,137.91558837890625
2017-07-05,144.08999633789062,21569600,138.48265075683594
2017-07-06,142.72999572753906,24128800,137.1755828857422
2017-07-07,144.17999267578125,19201700,138.56915283203125
2017-07-10,145.05999755859375,21090600,139.4148712158203
2017-07-11,145.52999877929688,19781800,139.86660766601562
2017-07-12,145.74000549316406,24884500,140.0684356689453
2017-07-13,147.77000427246094,25199400,142.01947021484375
2017-07-14,149.0399932861328,20132100,143.24002075195312
2017-07-17,149.55999755859375,23793500,143.73976135253906
2017-07-18,150.0800018310547,17868800,144.2395477294922
2017-07-19,151.02000427246094,20923000,145.14295959472656
2017-07-20,150.33999633789062,17243700,144.48941040039062
2017-07-21,150.27000427246094,26252600,144.42213439941406
2017-07-24,152.08999633789062,21493200,146.1713409423828
2017-07-25,152.74000549316406,18853900,146.7960205078125
2017-07-26,153.4600067138672,15781000,147.48802185058594
2017-07-27,150.55999755859375,32476300,144.70086669921875
2017-07-28,149.5,17213700,143.68211364746094
2017-07-31,148.72999572753906,19845900,142.94207763671875
2017-08-01,150.0500030517578,35368600,144.21072387695312
2017-08-02,157.13999938964844,69936800,151.02479553222656
2017-08-03,155.57000732421875,27097300,149.51589965820312
2017-08-04,156.38999938964844,20559900,150.30398559570312
2017-08-07,158.80999755859375,21870300,152.62982177734375
2017-08-08,160.0800018310547,36205900,153.8503875732422
2017-08-09,161.05999755859375,26131500,154.792236328125
2017-08-10,155.32000732421875,40804300,149.86183166503906
2017-08-11,157.47999572753906,26257100,151.94593811035156
2017-08-14,159.85000610351562,22122700,154.23263549804688
2017-08-15,161.60000610351562,29465500,155.92112731933594
2017-08-16,160.9499969482422,27671600,155.2939910888672
2017-08-17,157.86000061035156,27940600,152.31256103515625
2017-08-18,157.5,27428100,151.96524047851562
2017-08-21,157.2100067138672,26368500,151.6854248046875
2017-08-22,159.77999877929688,21604600,154.1651153564453
2017-08-23,159.97999572753906,19399100,154.35806274414062
2017-08-24,159.27000427246094,19818900,153.6730194091797
2017-08-25,159.86000061035156,25480100,154.24229431152344
2017-08-28,161.47000122070312,25966000,155.79571533203125
2017-08-29,162.91000366210938,29516900,157.1851043701172
2017-08-30,163.35000610351562,27269600,157.6096649169922
2017-08-31,164.0,26785100,158.23678588867188
2017-09-01,164.0500030517578,16591100,158.28506469726562
2017-09-05,162.0800018310547,29468500,156.38427734375
2017-09-06,161.91000366210938,21651700,156.22021484375
2017-09-07,161.25999450683594,21928500,155.5930938720703
2017-09-08,158.6300048828125,28611500,153.05552673339844
2017-09-11,161.5,31580800,155.8246612548828
2017-09-12,160.86000061035156,71714000,155.20716857910156
2017-09-13,159.64999389648438,44907400,154.0396728515625
2017-09-14,158.27999877929688,23760700,152.71780395507812
2017-09-15,159.8800048828125,49114600,154.2615966796875
2017-09-18,158.6699981689453,28269400,153.0941162109375
2017-09-19,158.72999572753906,20810600,153.1519775390625
2017-09-20,156.07000732421875,52951400,150.58547973632812
2017-09-21,153.38999938964844,37511700,147.99964904785156
2017-09-22,151.88999938964844,46645400,146.55235290527344
2017-09-25,150.5500030517578,44387300,145.25946044921875
2017-09-26,153.13999938964844,36660000,147.7584228515625
2017-09-27,154.22999572753906,25504200,148.81011962890625
2017-09-28,153.27999877929688,22005500,147.89352416992188
2017-09-29,154.1199951171875,26299800,148.7039794921875
2017-10-02,153.80999755859375,18698800,148.40489196777344
2017-10-03,154.47999572753906,16230300,149.05136108398438
2017-10-04,153.47999572753906,20163800,148.0865020751953
2017-10-05,155.38999938964844,21283800,149.9293670654297
2017-10-06,155.3000030517578,17407600,149.84251403808594
2017-10-09,155.83999633789062,16262900,150.36354064941406
2017-10-10,155.89999389648438,15617000,150.4214324951172
2017-10-11,156.5500030517578,16905600,151.04861450195312
2017-10-12,156.0,16125100,150.51795959472656
2017-10-13,156.99000549316406,16394200,151.47315979003906
2017-10-16,159.8800048828125,24121500,154.2615966796875
2017-10-17,160.47000122070312,18997300,154.8308563232422
2017-10-18,159.75999450683594,16374200,154.14581298828125
2017-10-19,155.97999572753906,42584200,150.49862670898438
2017-10-20,156.25,23974100,150.75914001464844
2017-10-23,156.1699981689453,21984300,150.68197631835938
2017-10-24,157.10000610351562,17757200,151.5792694091797
2017-10-25,156.41000366210938,21207100,150.9135284423828
2017-10-26,157.41000366210938,17000500,151.87835693359375
2017-10-27,163.0500030517578,44454200,157.32015991210938
2017-10-30,166.72000122070312,44700800,160.86123657226562
2017-10-31,169.0399932861328,36046800,163.09967041015625
2017-11-01,166.88999938964844,33637800,161.02525329589844
2017-11-02,168.11000061035156,41393400,162.20237731933594
2017-11-03,172.5,59398600,166.43809509277344
2017-11-06,174.25,35026300,168.12660217285156
2017-11-07,174.80999755859375,24361500,168.66690063476562
2017-11-08,176.24000549316406,24409500,170.04669189453125
2017-11-09,175.8800048828125,29482600,169.69935607910156
2017-11-10,174.6699981689453,25145500,169.13768005371094
2017-11-13,173.97000122070312,16982100,168.45986938476562
2017-11-14,171.33999633789062,24782500,165.9131317138672
2017-11-15,169.0800018310547,29158100,163.72471618652344
2017-11-16,171.10000610351562,23637500,165.68077087402344
2017-11-17,170.14999389648438,21899500,164.76084899902344
2017-11-20,169.97999572753906,16262400,164.59625244140625
2017-11-21,173.13999938964844,25131300,167.65615844726562
2017-11-22,174.9600067138672,25588900,169.4185028076172
2017-11-24,174.97000122070312,14026700,169.42819213867188
2017-11-27,174.08999633789062,20716800,168.57606506347656
2017-11-28,173.07000732421875,26428800,167.58837890625
2017-11-29,169.47999572753906,41666400,164.11212158203125
2017-11-30,171.85000610351562,41527200,166.40701293945312
2017-12-01,171.0500030517578,39759300,165.63233947753906
2017-12-04,169.8000030517578,32542400,164.4219207763672
2017-12-05,169.63999938964844,27350200,164.26698303222656
2017-12-06,169.00999450683594,28560000,163.65696716308594
2017-12-07,169.32000732421875,25673300,163.95716857910156
2017-12-08,169.3699951171875,23355200,164.0055389404297
2017-12-11,172.6699981689453,35273800,167.20103454589844
2017-12-12,171.6999969482422,19409200,166.26174926757812
2017-12-13,172.27000427246094,23818400,166.81370544433594
2017-12-14,172.22000122070312,20476500,166.76528930664062
2017-12-15,173.97000122070312,40169300,168.45986938476562
2017-12-18,176.4199981689453,29421100,170.832275390625
2017-12-19,174.5399932861328,27436400,169.01177978515625
2017-12-20,174.35000610351562,23475600,168.82781982421875
2017-12-21,175.00999450683594,20949900,169.4669189453125
2017-12-22,175.00999450683594,16349400,169.4669189453125
2017-12-26,170.57000732421875,33185500,165.16757202148438
2017-12-27,170.60000610351562,21498200,165.19662475585938
2017-12-28,171.0800018310547,16480200,165.66140747070312
2017-12-29,169.22999572753906,25999900,163.8699951171875
2018-01-02,172.25999450683594,25555900,166.80401611328125
2018-01-03,172.22999572753906,29517900,166.77496337890625
2018-01-04,173.02999877929688,22434600,167.54962158203125
2018-01-05,175.0,23660000,169.45721435546875
2018-01-08,174.35000610351562,20567800,168.82781982421875
2018-01-09,174.3300018310547,21584000,168.80845642089844
2018-01-10,174.2899932861328,23959900,168.76971435546875
2018-01-11,175.27999877929688,18667700,169.72837829589844
2018-01-12,177.08999633789062,25418100,171.48106384277344
2018-01-16,176.19000244140625,29565900,170.60955810546875
2018-01-17,179.10000610351562,34386800,173.42739868164062
2018-01-18,179.25999450683594,31193400,173.5823211669922
2018-01-19,178.4600067138672,32425100,172.8076629638672
2018-01-22,177.0,27108600,171.3939208984375
2018-01-23,177.0399932861328,32689100,171.43263244628906
2018-01-24,174.22000122070312,51105100,168.7019500732422
2018-01-25,171.11000061035156,41529000,165.69044494628906
2018-01-26,171.50999450683594,39143000,166.0777587890625
2018-01-29,167.9600067138672,50640400,162.6402130126953
2018-01-30,166.97000122070312,46048200,161.68157958984375
2018-01-31,167.42999267578125,32478900,162.12701416015625
2018-02-01,167.77999877929688,47230800,162.46591186523438
2018-02-02,160.5,86593800,155.41651916503906
2018-02-05,156.49000549316406,72738500,151.53350830078125
2018-02-06,163.02999877929688,68243800,157.8663330078125
2018-02-07,159.5399932861328,51608600,154.48687744140625
2018-02-08,155.14999389648438,54390500,150.23594665527344
2018-02-09,156.41000366210938,70672600,152.07354736328125
2018-02-12,162.7100067138672,60819500,158.19888305664062
2018-02-13,164.33999633789062,32549200,159.78367614746094
2018-02-14,167.3699951171875,40644900,162.72967529296875
2018-02-15,172.99000549316406,51147200,168.19387817382812
2018-02-16,172.42999267578125,40176100,167.64939880371094
2018-02-20,171.85000610351562,33930500,167.08547973632812
2018-02-21,171.07000732421875,37471600,166.3271026611328
2018-02-22,172.5,30991900,167.7174530029297
2018-02-23,175.5,33812400,170.63427734375
2018-02-26,178.97000122070312,38162200,174.008056640625
2018-02-27,178.38999938964844,38928100,173.4441680908203
2018-02-28,178.1199951171875,37782100,173.18165588378906
2018-03-01,175.0,48802000,170.1481170654297
2018-03-02,176.2100067138672,38454000,171.32460021972656
2018-03-05,176.82000732421875,28401400,171.91770935058594
2018-03-06,176.6699981689453,23788500,171.7718505859375
2018-03-07,175.02999877929688,31703500,170.1773223876953
2018-03-08,176.94000244140625,23774100,172.03436279296875
2018-03-09,179.97999572753906,32185200,174.99005126953125
2018-03-12,181.72000122070312,32207100,176.68182373046875
2018-03-13,179.97000122070312,31693500,174.9803466796875
2018-03-14,178.44000244140625,29368400,173.4927520751953
2018-03-15,178.64999389648438,22743800,173.69692993164062
2018-03-16,178.02000427246094,39404700,173.0844268798828
2018-03-19,175.3000030517578,33446800,170.43983459472656
2018-03-20,175.24000549316406,19649400,170.38150024414062
2018-03-21,171.27000427246094,37054900,166.5215606689453
2018-03-22,168.85000610351562,41490800,164.1686553955078
2018-03-23,164.94000244140625,41028800,160.36703491210938
2018-03-26,172.77000427246094,37541200,167.97999572753906
2018-03-27,168.33999633789062,40922600,163.6727752685547
2018-03-28,166.47999572753906,41668500,161.86436462402344
2018-03-29,167.77999877929688,38398500,163.12831115722656
2018-04-02,166.67999267578125,37586800,162.05880737304688
2018-04-03,168.38999938964844,30278000,163.72142028808594
2018-04-04,171.61000061035156,34605500,166.85214233398438
2018-04-05,172.8000030517578,26933200,168.00912475585938
2018-04-06,168.3800048828125,35005300,163.71170043945312
2018-04-09,170.0500030517578,29017700,165.33538818359375
2018-04-10,173.25,28408600,168.44667053222656
2018-04-11,172.44000244140625,22431600,167.65911865234375
2018-04-12,174.13999938964844,22889300,169.31199645996094
2018-04-13,174.72999572753906,25124300,169.88560485839844
2018-04-16,175.82000732421875,21578400,170.94541931152344
2018-04-17,178.24000549316406,26605400,173.29830932617188
2018-04-18,177.83999633789062,20754500,172.90939331054688
2018-04-19,172.8000030517578,34808800,168.00912475585938
2018-04-20,165.72000122070312,65491100,161.1254119873047
2018-04-23,165.24000549316406,36515500,160.65875244140625
2018-04-24,162.94000244140625,33692000,158.42251586914062
2018-04-25,163.64999389648438,28382100,159.11280822753906
2018-04-26,164.22000122070312,27963000,159.66700744628906
2018-04-27,162.32000732421875,35655800,157.81968688964844
2018-04-30,165.25999450683594,42427400,160.6781768798828
2018-05-01,169.10000610351562,53569400,164.4116973876953
2018-05-02,176.57000732421875,66539400,171.67462158203125
2018-05-03,176.88999938964844,34068200,171.98573303222656
2018-05-04,183.8300018310547,56201300,178.7333221435547
2018-05-07,185.16000366210938,42451400,180.02645874023438
2018-05-08,186.0500030517578,28402800,180.8917694091797
2018-05-09,187.36000061035156,23211200,182.1654510498047
2018-05-10,190.0399932861328,27989300,184.77114868164062
2018-05-11,188.58999633789062,26212200,184.06842041015625
2018-05-14,188.14999389648438,20778800,183.6389617919922
2018-05-15,186.44000244140625,23695200,181.969970703125
2018-05-16,188.17999267578125,19183100,183.66822814941406
2018-05-17,186.99000549316406,17294000,182.5067901611328
2018-05-18,186.30999755859375,18297700,181.84307861328125
2018-05-21,187.6300048828125,18400800,183.13143920898438
2018-05-22,187.16000366210938,15240700,182.6726837158203
2018-05-23,188.36000061035156,20058400,183.84396362304688
2018-05-24,188.14999389648438,23234000,183.6389617919922
2018-05-25,188.5800018310547,17461000,184.05865478515625
2018-05-29,187.89999389648438,22514100,183.3949737548828
2018-05-30,187.5,18690500,183.0045623779297
2018-05-31,186.8699951171875,27482800,182.38963317871094
2018-06-01,190.24000549316406,23442500,185.6788330078125
2018-06-04,191.8300018310547,26266200,187.23074340820312
2018-06-05,193.30999755859375,21566000,188.6752471923828
2018-06-06,193.97999572753906,20933600,189.3291778564453
2018-06-07,193.4600067138672,21347200,188.82167053222656
2018-06-08,191.6999969482422,26656800,187.10385131835938
2018-06-11,191.22999572753906,18308500,186.64511108398438
2018-06-12,192.27999877929688,16911100,187.66993713378906
2018-06-13,190.6999969482422,21638400,186.12782287597656
2018-06-14,190.8000030517578,21610100,186.22543334960938
2018-06-15,188.83999633789062,61719200,184.31243896484375
2018-06-18,188.74000549316406,18484900,184.2147979736328
2018-06-19,185.69000244140625,33578500,181.23794555664062
2018-06-20,186.5,20628700,182.02853393554688
2018-06-21,185.4600067138672,25711900,181.01345825195312
2018-06-22,184.9199981689453,27200400,180.48638916015625
2018-06-25,182.1699981689453,31663100,177.80233764648438
2018-06-26,184.42999267578125,24569200,180.00816345214844
2018-06-27,184.16000366210938,25285300,179.74462890625
2018-06-28,185.5,17365200,181.05250549316406
2018-06-29,185.11000061035156,22737700,180.67184448242188
2018-07-02,187.17999267578125,17731300,182.6922149658203
2018-07-03,183.9199981689453,13954800,179.51039123535156
2018-07-05,185.39999389648438,16604200,180.95489501953125
2018-07-06,187.97000122070312,17485200,183.46327209472656
2018-07-09,190.5800018310547,19756600,186.01071166992188
2018-07-10,190.35000610351562,15939100,185.7862548828125
2018-07-11,187.8800048828125,18831500,183.37542724609375
2018-07-12,191.02999877929688,18041100,186.4499053955078
2018-07-13,191.3300018310547,12513900,186.74270629882812
2018-07-16,190.91000366210938,15043100,186.33279418945312
2018-07-17,191.4499969482422,15534500,186.85983276367188
2018-07-18,190.39999389648438,16393400,185.8350067138672
2018-07-19,191.8800048828125,20286800,187.27955627441406
2018-07-20,191.44000244140625,20676200,186.85011291503906
2018-07-23,191.61000061035156,15989400,187.0159912109375
2018-07-24,193.0,18697900,188.37269592285156
2018-07-25,194.82000732421875,16709900,190.14906311035156
2018-07-26,194.2100067138672,19076000,189.55368041992188
2018-07-27,190.97999572753906,24024000,186.40113830566406
2018-07-30,189.91000366210938,21029500,185.35678100585938
2018-07-31,190.2899932861328,39373000,185.72764587402344
2018-08-01,201.5,67935700,196.6688995361328
2018-08-02,207.38999938964844,62404000,202.4176788330078
2018-08-03,207.99000549316406,33447400,203.00328063964844
2018-08-06,209.07000732421875,25425400,204.05738830566406
2018-08-07,207.11000061035156,25587400,202.14437866210938
2018-08-08,207.25,22525500,202.2810516357422
2018-08-09,208.8800048828125,23492600,203.87196350097656
2018-08-10,207.52999877929688,24611200,203.26467895507812
2018-08-13,208.8699951171875,25890900,204.57713317871094
2018-08-14,209.75,20748000,205.43910217285156
2018-08-15,210.24000549316406,28807600,205.91900634765625
2018-08-16,213.32000732421875,28500400,208.9357147216797
2018-08-17,217.5800018310547,35427000,213.10812377929688
2018-08-20,215.4600067138672,30287700,211.03172302246094
2018-08-21,215.0399932861328,26159800,210.62034606933594
2018-08-22,215.0500030517578,19018100,210.63015747070312
2018-08-23,215.49000549316406,18883200,211.0611114501953
2018-08-24,216.16000366210938,18476400,211.7173309326172
2018-08-27,217.94000244140625,20525100,213.4607391357422
2018-08-28,219.6999969482422,22776800,215.1845703125
2018-08-29,222.97999572753906,27254800,218.3971710205078
2018-08-30,225.02999877929688,48793800,220.40501403808594
2018-08-31,227.6300048828125,43340100,222.9515838623047
2018-09-04,228.36000061035156,27390100,223.66659545898438
2018-09-05,226.8699951171875,33333000,222.2072296142578
2018-09-06,223.10000610351562,34290000,218.51470947265625
2018-09-07,221.3000030517578,37619800,216.75169372558594
2018-09-10,218.3300018310547,39516500,213.8427276611328
2018-09-11,223.85000610351562,35749000,219.24929809570312
2018-09-12,221.07000732421875,49278700,216.52642822265625
2018-09-13,226.41000366210938,41706400,221.7566680908203
2018-09-14,223.83999633789062,31999300,219.23948669433594
2018-09-17,217.8800048828125,37195100,213.40199279785156
2018-09-18,218.24000549316406,31571700,213.7545928955078
2018-09-19,218.3699951171875,27123800,213.88189697265625
2018-09-20,220.02999877929688,26608800,215.5078125
2018-09-21,217.66000366210938,96246700,213.18650817871094
2018-09-24,220.7899932861328,27693400,216.25218200683594
2018-09-25,222.19000244140625,24554400,217.62339782714844
2018-09-26,220.4199981689453,23984700,215.8897705078125
2018-09-27,224.9499969482422,30181200,220.32666015625
2018-09-28,225.74000549316406,22929400,221.10043334960938
2018-10-01,227.25999450683594,23600800,222.58920288085938
2018-10-02,229.27999877929688,24788200,224.5676727294922
2018-10-03,232.07000732421875,28654800,227.3003387451172
2018-10-04,227.99000549316406,32042000,223.30419921875
2018-10-05,224.2899932861328,33580500,219.6802215576172
2018-10-08,223.77000427246094,29663900,219.1709442138672
2018-10-09,226.8699951171875,26891000,222.2072296142578
2018-10-10,216.36000061035156,41990600,211.9132080078125
2018-10-11,214.4499969482422,53124400,210.04248046875
2018-10-12,222.11000061035156,40337900,217.5450439453125
2018-10-15,217.36000061035156,30791000,212.8926544189453
2018-10-16,222.14999389648438,29184000,217.58421325683594
2018-10-17,221.19000244140625,22885400,216.6439666748047
2018-10-18,216.02000427246094,32581300,211.5802001953125
2018-10-19,219.30999755859375,33078700,214.8025665283203
2018-10-22,220.64999389648438,28792100,216.1150360107422
2018-10-23,222.72999572753906,38767800,218.1522979736328
2018-10-24,215.08999633789062,40925500,210.66932678222656
2018-10-25,219.8000030517578,29855800,215.2825164794922
2018-10-26,216.3000030517578,47258400,211.85446166992188
2018-10-29,212.24000549316406,45935500,207.87789916992188
2018-10-30,213.3000030517578,36660000,208.91612243652344
2018-10-31,218.86000061035156,38358900,214.36184692382812
2018-11-01,222.22000122070312,58323200,217.6527862548828
2018-11-02,207.47999572753906,91328700,203.21571350097656
2018-11-05,201.58999633789062,66163700,197.44676208496094
2018-11-06,203.77000427246094,31882900,199.5819854736328
2018-11-07,209.9499969482422,33424400,205.63494873046875
2018-11-08,208.49000549316406,25362600,204.91748046875
2018-11-09,204.47000122070312,34365800,200.96633911132812
2018-11-12,194.1699981689453,51135500,190.8428497314453
2018-11-13,192.22999572753906,46882900,188.9360809326172
2018-11-14,186.8000030517578,60801000,183.59915161132812
2018-11-15,191.41000366210938,46478800,188.13014221191406
2018-11-16,193.52999877929688,36928300,190.21380615234375
2018-11-19,185.86000061035156,41925300,182.6752471923828
2018-11-20,176.97999572753906,67825200,173.94741821289062
2018-11-21,176.77999877929688,31124200,173.75083923339844
2018-11-23,172.2899932861328,23624000,169.3377685546875
2018-11-26,174.6199951171875,44998500,171.62783813476562
2018-11-27,174.24000549316406,41387400,171.25436401367188
2018-11-28,180.94000244140625,46062500,177.8395538330078
2018-11-29,179.5500030517578,41770000,176.47335815429688
2018-11-30,178.5800018310547,39531500,175.51998901367188
2018-12-03,184.82000732421875,40802500,181.653076171875
2018-12-04,176.69000244140625,41344300,173.66236877441406
2018-12-06,174.72000122070312,43098400,171.72613525390625
2018-12-07,168.49000549316406,42281600,165.6029052734375
2018-12-10,169.60000610351562,62026000,166.69386291503906
2018-12-11,168.6300048828125,47281700,165.74049377441406
2018-12-12,169.10000610351562,35627700,166.2024383544922
2018-12-13,170.9499969482422,31898600,168.02072143554688
2018-12-14,165.47999572753906,40703700,162.64443969726562
2018-12-17,163.94000244140625,44287900,161.130859375
2018-12-18,166.07000732421875,33841500,163.224365234375
2018-12-19,160.88999938964844,49047300,158.1331024169922
2018-12-20,156.8300018310547,64773000,154.14266967773438
2018-12-21,150.72999572753906,95744600,148.14720153808594
2018-12-24,146.8300018310547,37169200,144.3140411376953
2018-12-26,157.1699981689453,58582500,154.4768524169922
2018-12-27,156.14999389648438,53117100,153.47433471679688
2018-12-28,156.22999572753906,42291400,153.552978515625
